,Fold selected features,Fold nb of features
Fold 0,"['ACP5', 'ADAMTS15', 'ADGRG1', 'ALDH3A1', 'ALPP', 'AMY2B', 'ANGPTL2', 'ANGPTL3', 'AOC1', 'BAIAP2', 'CCL20', 'CD164', 'CD276', 'CD63', 'CDHR1', 'CEACAM5', 'CES2', 'CPA2', 'CRTAC1', 'DKKL1', 'DSG2', 'ENPP7', 'FABP1', 'FABP4', 'FASLG', 'FBP1', 'FCGR2B', 'FCN2', 'FCRL5', 'FGF21', 'FOSB', 'GFRA2', 'GGT5', 'GH2', 'GPA33', 'HCLS1', 'HDGF', 'IGF2R', 'IL11', 'IL17A', 'IL17C', 'IL1RAP', 'IL22RA1', 'IL33', 'IL5RA', 'ISM1', 'KIR2DL3', 'KLB', 'LGALS1', 'LRP11', 'LRPAP1', 'LY96', 'LYPD8', 'MARCO', 'MDGA1', 'MET', 'MUC13', 'MZB1', 'NCLN', 'NEFL', 'NINJ1', 'NOMO1', 'NOS1', 'NPTN', 'NPTXR', 'PCOLCE', 'PDGFC', 'PDGFRA', 'PLIN1', 'PM20D1', 'PON3', 'PRSS8', 'S100A16', 'SCARB1', 'SCGN', 'SCP2', 'SMOC2', 'SMPDL3A', 'SOST', 'SPINT1', 'SRP14', 'SSC5D', 'TDGF1', 'THPO', 'TLR3', 'TMPRSS5', 'TNFRSF11A', 'TNFRSF4', 'TP53INP1', 'TPT1', 'XPNPEP2']",91
Fold 1,"['CCL7', 'MZB1']",2
Fold 2,"['ANGPTL2', 'CRTAC1', 'FOSB', 'KIR2DL3', 'LGALS1', 'MDGA1', 'MSR1', 'MZB1', 'PON3', 'SIGLEC9', 'TNFRSF8']",11
Fold 3,"['ADAM15', 'ADAMTS13', 'AMY2A', 'AMY2B', 'AOC1', 'ARNT', 'ASAH2', 'B4GAT1', 'BAIAP2', 'BCAN', 'CAPG', 'CASP1', 'CCL15', 'CCL19', 'CCL20', 'CD300C', 'CD5', 'CD63', 'CDHR1', 'CEACAM3', 'CEACAM5', 'CELA3A', 'CES2', 'CHIT1', 'CHL1', 'CNTN1', 'CPA2', 'CRTAC1', 'CTRB1', 'CTSH', 'CXCL8', 'DDC', 'DKKL1', 'DPP6', 'DSG4', 'ERBB4', 'FCGR2B', 'FGF21', 'FOSB', 'FUCA1', 'GDF15', 'GFRA2', 'GNLY', 'GPC5', 'GZMH', 'HLA-DRA', 'ICAM1', 'IFNGR2', 'IGF2R', 'IL13', 'IL15RA', 'IL16', 'IL1RAP', 'IL2', 'IL2RA', 'IL33', 'IL3RA', 'ISM1', 'KCNIP4', 'KLK12', 'KLK14', 'LGALS1', 'LY96', 'MDGA1', 'MET', 'MME', 'MMP13', 'MSLN', 'MTPN', 'MUC13', 'MZB1', 'NCLN', 'NINJ1', 'NPM1', 'NPTN', 'OMG', 'PCSK9', 'PDCD6', 'PDGFC', 'PIGR', 'PM20D1', 'POLR2F', 'PPY', 'QPCT', 'RANGAP1', 'RBP2', 'RELT', 'SFTPA2', 'SMOC2', 'SPINK6', 'SPINT1', 'SPOCK1', 'SRP14', 'TDGF1', 'THBS2', 'THPO', 'TMPRSS5', 'TNC', 'TNFRSF8', 'TSHB', 'XPNPEP2']",101
Fold 4,"['ACP6', 'ADAM15', 'B4GAT1', 'C19orf12', 'CCL20', 'CES2', 'CRTAC1', 'FGF21', 'HLA-DRA', 'IL22RA1', 'LYPD3', 'MDGA1', 'MZB1', 'NDRG1', 'NPTN', 'PDGFC', 'PPY', 'RANGAP1', 'SRP14', 'TCL1A', 'TFPI2', 'WIF1', 'XPNPEP2', 'XRCC4']",24
Fold 5,"['CCL7', 'LGALS9']",2
Fold 6,"['ACTN4', 'ADAMTS13', 'AMN', 'AMY2A', 'AMY2B', 'AOC1', 'BAIAP2', 'CAMKK1', 'CCL19', 'CCL20', 'CD63', 'CDH17', 'CHIT1', 'CPA2', 'CRELD2', 'CRTAC1', 'CSTB', 'CTRB1', 'CTSH', 'CXCL13', 'DKKL1', 'ENAH', 'EPCAM', 'FABP4', 'FBP1', 'FCGR2B', 'FCRL5', 'FGF21', 'GGT5', 'GH2', 'GPA33', 'HBQ1', 'HCLS1', 'HDGF', 'HLA-DRA', 'IGF2R', 'IGFBPL1', 'IL10', 'IL11', 'IL13', 'IL1A', 'IL33', 'ISLR2', 'JUN', 'KCNIP4', 'KLB', 'KLK1', 'KLK12', 'LAMA4', 'LY96', 'LYPD1', 'MAGED1', 'MARCO', 'MDGA1', 'MET', 'MMP13', 'MSR1', 'MUC13', 'MZB1', 'NCLN', 'NDRG1', 'NPTN', 'NPTXR', 'PAEP', 'PDGFC', 'PIGR', 'PLA2G10', 'PLAUR', 'PM20D1', 'PON3', 'PPY', 'PRKRA', 'PRSS8', 'PSIP1', 'PSPN', 'RARRES1', 'S100A16', 'SELPLG', 'SIGLEC9', 'SOD2', 'SPINT1', 'SRP14', 'SSC5D', 'TDGF1', 'THPO', 'TMPRSS5', 'TNC', 'TNFRSF13B', 'TNFRSF4', 'TNFRSF8', 'TPT1', 'TSLP', 'ULBP2', 'XPNPEP2']",94
Fold 7,"['ADAM15', 'ANGPTL2', 'BAIAP2', 'CCL20', 'CD5', 'CES2', 'COPE', 'CRTAC1', 'CXCL14', 'DSG4', 'FCAR', 'FCN2', 'FCRL5', 'FOSB', 'ICAM4', 'IL5', 'KIR2DL3', 'MDGA1', 'MZB1', 'NFATC3', 'NRP1', 'PCSK9', 'RANGAP1', 'SIGLEC9', 'SIT1', 'SMOC2', 'SRP14', 'SSB', 'TFRC', 'TMPRSS5', 'TNFRSF13C', 'VEGFD', 'XPNPEP2']",33
Fold 8,"['ACAN', 'ACP5', 'ADAM15', 'ADAMTS16', 'ADCYAP1R1', 'ADGRG2', 'AHSP', 'AMY2A', 'AMY2B', 'ANXA3', 'ATP6V1D', 'B4GAT1', 'CALB2', 'CCL15', 'CCL19', 'CD276', 'CD300LG', 'CD48', 'CD5', 'CD63', 'CD70', 'CDHR1', 'CEACAM5', 'CES2', 'CHIT1', 'CHL1', 'CLEC4G', 'CPA1', 'CPA2', 'CRTAC1', 'CTRB1', 'CTSH', 'CTSL', 'CXCL8', 'DDX58', 'DKK4', 'DLL1', 'DPT', 'DSG4', 'ERBB3', 'ERBB4', 'FCGR2B', 'FCRL5', 'FCRLB', 'FOSB', 'GDF15', 'GFOD2', 'GGT5', 'GNLY', 'GPA33', 'GPKOW', 'HLA-DRA', 'IGF2R', 'IGFBPL1', 'IL13', 'IL16', 'IL2RA', 'IL3RA', 'ISM1', 'KCNIP4', 'KIR2DL3', 'KLK12', 'KLK14', 'LAMA4', 'LGALS1', 'LGALS9', 'LILRB1', 'MAGED1', 'MDGA1', 'MICB_MICA', 'MILR1', 'MMP1', 'MMP13', 'MUC13', 'MZB1', 'NINJ1', 'NPTN', 'NRP1', 'NTRK3', 'PDGFC', 'PM20D1', 'PON3', 'PRTG', 'PSPN', 'RANGAP1', 'RASSF2', 'RBP2', 'SCARB1', 'SIGLEC9', 'SLIT2', 'SMOC2', 'SPINK1', 'SPINT1', 'SRP14', 'TDGF1', 'THPO', 'TLR3', 'TMSB10', 'TNC', 'TNFRSF11A', 'TNFRSF8', 'TSHB', 'WFIKKN1', 'XPNPEP2']",104
Fold 9,"['CCL20', 'FOSB', 'GDF15', 'LGALS1', 'LILRB1', 'MZB1', 'PON3']",7
Fold 10,"['ACE2', 'ACP5', 'ADAM15', 'ADAMTS13', 'ADCYAP1R1', 'AMIGO2', 'AMY2A', 'AMY2B', 'ANGPTL2', 'AOC1', 'CASP1', 'CBLIF', 'CCL20', 'CCL27', 'CD164', 'CD63', 'CDH17', 'CEACAM3', 'CES2', 'CNTN2', 'COL4A1', 'CPA2', 'CRTAC1', 'CRX', 'CTSF', 'CTSV', 'CXCL13', 'DDR1', 'DKKL1', 'DLL1', 'DPT', 'DSG2', 'ENPP7', 'FCGR2A', 'FCN2', 'FCRL5', 'FCRL6', 'FUCA1', 'GFRA1', 'GFRA2', 'GGT5', 'GNLY', 'GPA33', 'GPC5', 'HDGF', 'HLA-DRA', 'HMBS', 'ICAM1', 'IFNGR2', 'IGF2R', 'IL13', 'IL17C', 'IL17D', 'IL18RAP', 'IL2RA', 'IL5', 'IL5RA', 'ITGB6', 'JCHAIN', 'KCNIP4', 'KIR2DL3', 'KLB', 'KLK1', 'KLK10', 'KLRD1', 'LEFTY2', 'LYPD1', 'MARCO', 'MDGA1', 'MFAP3', 'MILR1', 'MMP13', 'MSLN', 'MUC13', 'MZB1', 'NCLN', 'NDRG1', 'NFATC3', 'NOMO1', 'NPTN', 'NTF4', 'PCOLCE', 'PCSK9', 'PDGFC', 'PDGFRA', 'PM20D1', 'PODXL2', 'PON3', 'PRTG', 'PSIP1', 'PSPN', 'RANGAP1', 'SCARB1', 'SCGN', 'SCP2', 'SIGLEC9', 'SMOC2', 'SMPDL3A', 'SPINK1', 'SPINT1', 'SRP14', 'SSB', 'TDGF1', 'TEK', 'THPO', 'TIMP3', 'TMPRSS5', 'TNC', 'TNFRSF4', 'TNFRSF8', 'TSHB', 'ULBP2', 'VNN2', 'XPNPEP2', 'XRCC4']",115
Fold 11,['MZB1'],1
Fold 12,"['ADAMTS15', 'ADGRG1', 'ADGRG2', 'AFP', 'AGRN', 'ATP6V1D', 'B4GAT1', 'BAIAP2', 'BST1', 'C19orf12', 'CCL15', 'CD164', 'CD5', 'CD63', 'CD74', 'CD79B', 'CDHR1', 'CEACAM21', 'CEACAM5', 'CES2', 'CNTN5', 'COL6A3', 'CPVL', 'CRELD2', 'CRH', 'CRTAC1', 'CSF1', 'CTSH', 'CTSL', 'CXCL8', 'DKKL1', 'DLL1', 'DPT', 'DSG4', 'EPCAM', 'ERBB3', 'FABP1', 'FBP1', 'FCGR2B', 'FCRLB', 'FGF21', 'FOSB', 'GDF15', 'GFOD2', 'GFRA2', 'GGT1', 'GGT5', 'GHRHR', 'GPA33', 'GPKOW', 'HBQ1', 'HDGF', 'ICAM1', 'IGFBPL1', 'IL13', 'IL16', 'IL1R1', 'IL1RAP', 'IL2RA', 'IL2RB', 'ISLR2', 'ISM1', 'KCNIP4', 'KIR2DL3', 'KLK12', 'KLK14', 'KRT5', 'LEP', 'LGALS9', 'LILRA5', 'LILRB1', 'LY9', 'MDGA1', 'MET', 'MILR1', 'MSLN', 'MZB1', 'NEFL', 'NOMO1', 'NPTN', 'NPY', 'NRTN', 'NTRK3', 'PIGR', 'PLAUR', 'PM20D1', 'PON3', 'PPY', 'PRKRA', 'PRSS8', 'PSIP1', 'RAB6B', 'RANGAP1', 'RBP2', 'REN', 'S100A16', 'SCARB1', 'SDC1', 'SIRT5', 'SPINT1', 'SRP14', 'SSB', 'ST3GAL1', 'TDGF1', 'TFF3', 'TFPI2', 'THBS2', 'THPO', 'TLR3', 'TNC', 'TNFRSF11A', 'TNFRSF11B', 'TPT1', 'TSLP', 'TYRO3', 'VWF', 'XPNPEP2']",117
Fold 13,"['CCL20', 'CRTAC1', 'FABP4', 'HLA-DRA', 'LGALS1', 'MZB1']",6
Fold 14,"['ACE2', 'ACP6', 'ADAMTS13', 'ADAMTS15', 'ADAMTS16', 'ADGRG2', 'AMY2A', 'AMY2B', 'AOC1', 'BAIAP2', 'BTN3A2', 'C19orf12', 'CALB2', 'CAMKK1', 'CCL17', 'CCL19', 'CCL20', 'CD109', 'CD22', 'CD276', 'CD38', 'CD5', 'CDC27', 'CDHR1', 'CELA3A', 'CHIT1', 'CLEC4G', 'CLUL1', 'CNDP1', 'CPA2', 'CRTAC1', 'CSF2RA', 'CTSH', 'CXCL8', 'DFFA', 'DPY30', 'DSG4', 'FCAR', 'FCN2', 'FCRL5', 'FOSB', 'GFOD2', 'GFRA2', 'GGH', 'GPC5', 'HLA-DRA', 'ICAM1', 'IFNLR1', 'IGF2R', 'IGFBPL1', 'IGSF3', 'IL11', 'IL1A', 'ISLR2', 'JUN', 'KCNIP4', 'KIR2DL3', 'KLB', 'KLK10', 'LAMA4', 'LBR', 'LEP', 'LGALS1', 'LHB', 'LILRB1', 'LY96', 'MAGED1', 'MAPT', 'MARCO', 'MCFD2', 'MDGA1', 'MET', 'MILR1', 'MMP13', 'MSR1', 'MUC13', 'MZB1', 'NCLN', 'NINJ1', 'NOMO1', 'NRP1', 'PCOLCE', 'PDGFC', 'PIGR', 'PNLIPRP2', 'PON2', 'PON3', 'PPY', 'PRKRA', 'PRTG', 'S100A16', 'SELE', 'SELPLG', 'SIGLEC7', 'SIGLEC9', 'SLITRK6', 'SMOC2', 'TDGF1', 'TFRC', 'THBD', 'TMPRSS5', 'TNC', 'TNFRSF11B', 'TNFRSF13B', 'TNFRSF1A', 'TP53INP1', 'TSHB', 'VEGFA', 'WFIKKN1', 'XPNPEP2']",110
Fold 15,"['CRTAC1', 'FCAR', 'LGALS1', 'MZB1', 'PLAUR', 'PON3', 'TNFRSF8']",7
Fold 16,"['CCL20', 'CCL7', 'CES2', 'CXCL8', 'FGF21', 'FOSB', 'GDF15', 'LGALS1', 'MDGA1', 'MSLN', 'MZB1', 'PON3', 'PRSS8', 'TFPI2']",14
Fold 17,[],0
Fold 18,"['CDCP1', 'CRTAC1', 'FBP1', 'LGALS9', 'MZB1']",5
Fold 19,"['CCL7', 'JUN', 'LGALS1', 'MAD1L1', 'MZB1']",5
Fold 20,"['CCL7', 'CRTAC1', 'LGALS1', 'MZB1']",4
Fold 21,"['ADAMTS13', 'CCL20', 'CCL7', 'CRTAC1', 'CXCL8', 'FBP1', 'FOSB', 'IL22RA1', 'LGALS1', 'MDGA1', 'MZB1', 'PON3', 'TFPI2']",13
Fold 22,"['BAIAP2', 'CCL20', 'CRTAC1', 'CXCL8', 'GGT1', 'JUN', 'LGALS1', 'MZB1', 'PLAUR', 'PSIP1', 'TMSB10', 'TNFRSF8']",12
Fold 23,"['ACAN', 'ADAM15', 'ADAMTS13', 'ADAMTS15', 'ADCYAP1R1', 'ADGRG2', 'AKR1C4', 'AMY2A', 'AMY2B', 'ANGPTL3', 'AOC1', 'ATP6V1D', 'BAIAP2', 'C19orf12', 'CALB2', 'CAMKK1', 'CCL20', 'CD164', 'CD40', 'CD5', 'CD63', 'CD79B', 'CDHR1', 'CEACAM21', 'CELA3A', 'CES2', 'CHIT1', 'CLC', 'CLEC4G', 'COL9A1', 'CPA2', 'CRTAC1', 'CTRB1', 'CTSF', 'CTSL', 'CTSS', 'DKK4', 'DKKL1', 'DLL1', 'DPT', 'DSG2', 'DSG4', 'ECE1', 'ERBB4', 'FABP1', 'FABP4', 'FABP9', 'FBP1', 'FCAR', 'FCGR2A', 'FCN2', 'FCRL5', 'FGF21', 'FOSB', 'GDF15', 'GFAP', 'GFOD2', 'GFRA2', 'GGT5', 'GH2', 'GLB1', 'GNLY', 'GP2', 'GPA33', 'HCLS1', 'HDGF', 'HMBS', 'HMOX2', 'HSP90B1', 'IFNGR1', 'IFNGR2', 'IGF2R', 'IKBKG', 'IL11', 'IL13', 'IL17C', 'IL17D', 'IL22RA1', 'IL2RB', 'ILKAP', 'ISLR2', 'KCNIP4', 'KIR2DL3', 'KLB', 'KLK1', 'KLK10', 'KLK14', 'LAIR2', 'LAMA4', 'LEP', 'LGALS1', 'LGALS9', 'LY96', 'LYPD1', 'LYPD8', 'MARCO', 'MDGA1', 'MET', 'MICB_MICA', 'MUC13', 'MUC16', 'MZB1', 'NCLN', 'NELL2', 'NOMO1', 'NPTN', 'PCSK9', 'PDGFC', 'PLAUR', 'PM20D1', 'PODXL2', 'PON3', 'PPY', 'PREB', 'PRSS8', 'PVALB', 'RANGAP1', 'RARRES1', 'RBP2', 'SCARB1', 'SCGN', 'SERPINB6', 'SERPINB9', 'SEZ6L2', 'SIGLEC10', 'SIGLEC9', 'SPINK1', 'SPINT1', 'TDGF1', 'THPO', 'TMPRSS5', 'TMSB10', 'TNC', 'TNFRSF13C', 'TNFRSF4', 'TNFRSF8', 'TNNI3', 'TRIAP1', 'TSHB', 'TSLP', 'TXLNA', 'TXNDC5', 'ULBP2', 'XPNPEP2']",144
Fold 24,"['ACE2', 'ADAM15', 'ADAMTS13', 'ADAMTS15', 'AMY2A', 'AMY2B', 'ANGPTL7', 'BAIAP2', 'CAPG', 'CASP1', 'CCL15', 'CCL19', 'CCL20', 'CD276', 'CD5', 'CD63', 'CDH17', 'CDHR1', 'CDHR2', 'CEACAM5', 'CELA3A', 'CES2', 'CHL1', 'CLEC10A', 'COLEC12', 'CPA2', 'CRTAC1', 'CSTB', 'CTRB1', 'CTSH', 'CXCL8', 'DKKL1', 'DLL1', 'DPT', 'DSG4', 'ERBB4', 'FCGR2B', 'FOSB', 'GAL', 'GFOD2', 'GFRA2', 'GGT1', 'GHRHR', 'GNLY', 'GPA33', 'GPC5', 'HAVCR1', 'ICAM4', 'IFNGR2', 'IGF2R', 'IGFBPL1', 'IL13', 'IL16', 'IL1RAP', 'IL2', 'IL2RA', 'IL32', 'IL33', 'ISM1', 'KLK12', 'LAMA4', 'LGALS1', 'LY9', 'MDGA1', 'MME', 'MSLN', 'MUC13', 'MZB1', 'NCLN', 'NINJ1', 'NPTN', 'NPY', 'NTF4', 'NXPH1', 'PCSK9', 'PDGFC', 'PIGR', 'PM20D1', 'PNLIPRP2', 'PPY', 'RAB6B', 'RANGAP1', 'SFTPD', 'SMOC2', 'SPINK6', 'SPINT1', 'SSB', 'TDGF1', 'THBS2', 'TMPRSS5', 'TNC', 'TSHB', 'TYRO3', 'XPNPEP2']",94
Fold 25,['MZB1'],1
Fold 26,"['ACE2', 'ACP5', 'AHSP', 'ANGPTL2', 'AOC1', 'ASAH2', 'BAIAP2', 'BSG', 'BST1', 'C19orf12', 'CALB2', 'CCL19', 'CCL20', 'CCL7', 'CD63', 'CDC27', 'CDH17', 'CDHR1', 'CES2', 'CHIT1', 'CLEC11A', 'CLEC4G', 'CNTN5', 'COL6A3', 'COLEC12', 'CPA2', 'CRTAC1', 'CTRB1', 'CTSF', 'CTSH', 'CTSL', 'CXCL16', 'CXCL5', 'CXCL8', 'DKKL1', 'DLL1', 'DPT', 'DSG4', 'EPCAM', 'FABP4', 'FASLG', 'FCN2', 'FGF21', 'FGF5', 'FOSB', 'GDF15', 'GFAP', 'GFOD2', 'GFRA2', 'GGT5', 'GPA33', 'GPC5', 'GRN', 'HAVCR2', 'HBQ1', 'HDGF', 'HEBP1', 'HLA-DRA', 'HMBS', 'IKBKG', 'IL13', 'IL17C', 'IL22RA1', 'IL2RA', 'IL5', 'IL5RA', 'ISLR2', 'JCHAIN', 'KLK1', 'KLK10', 'KLK12', 'KLRB1', 'L1CAM', 'LAMA4', 'LGALS1', 'LGALS9', 'LILRA5', 'LILRB1', 'LRPAP1', 'LRRC25', 'LTO1', 'LY96', 'LYPD1', 'MARCO', 'MDGA1', 'MET', 'MSR1', 'MUC13', 'MZB1', 'NCLN', 'NDRG1', 'NELL2', 'NPDC1', 'NRP2', 'NTRK3', 'PDGFC', 'PDGFRA', 'PKLR', 'PLA2G7', 'PLAUR', 'PON3', 'PPP3R1', 'PPY', 'PRKRA', 'RANGAP1', 'RARRES1', 'REN', 'RETN', 'S100A16', 'SCGN', 'SERPINA11', 'SIGLEC7', 'SIGLEC9', 'SIRT5', 'SLC39A5', 'SMOC2', 'SPINT1', 'SRP14', 'SSB', 'SSC5D', 'TAFA5', 'TDRKH', 'TFPI2', 'THPO', 'TMPRSS15', 'TMSB10', 'TNFRSF11A', 'TNFRSF13C', 'TPT1', 'TSHB', 'TSLP', 'WFIKKN2', 'XPNPEP2']",133
Fold 27,"['CCL20', 'CRTAC1', 'CTSH', 'CXCL13', 'CXCL8', 'IGF2R', 'LGALS1', 'MDGA1', 'MSR1', 'MZB1', 'PON3', 'SIGLEC9', 'TNFRSF8']",13
Fold 28,[],0
Fold 29,"['ACE2', 'ADAM15', 'ADAMTS13', 'ADAMTS15', 'ANGPTL2', 'AOC1', 'B4GAT1', 'BAIAP2', 'BSG', 'CAMKK1', 'CAPG', 'CCL17', 'CCL19', 'CCL20', 'CD276', 'CD38', 'CD5', 'CD63', 'CDHR1', 'CEACAM5', 'CES2', 'CHIT1', 'CHL1', 'COL4A1', 'COL6A3', 'CRTAC1', 'CSF2RA', 'CSTB', 'CTSF', 'CTSH', 'CXCL8', 'DKKL1', 'DLL1', 'DNER', 'DPT', 'FABP4', 'FASLG', 'FCAR', 'FCN2', 'FCRL5', 'FGF21', 'FOSB', 'GFOD2', 'GFRA2', 'GGT1', 'GNLY', 'GPA33', 'HCLS1', 'HDGF', 'HSPB1', 'ICAM1', 'ICAM4', 'IGF2R', 'IL11', 'IL13', 'IL16', 'IL17F', 'IL17RB', 'IL1A', 'IL1RL2', 'IL22RA1', 'IL5RA', 'ISM1', 'KCNIP4', 'KIR2DL3', 'KLB', 'KLK10', 'LAMA4', 'LBR', 'LHPP', 'LILRA5', 'LY96', 'LYPD1', 'MDGA1', 'MET', 'MILR1', 'MUC13', 'MZB1', 'NCF2', 'NCLN', 'NFASC', 'NINJ1', 'NPTN', 'NRP1', 'PDGFC', 'PDGFRA', 'PIGR', 'PM20D1', 'PON3', 'PPY', 'PRL', 'PRSS8', 'RANGAP1', 'RASSF2', 'RELT', 'S100A16', 'SCP2', 'SELPLG', 'SIGLEC9', 'SMOC2', 'SMPDL3A', 'SPINT1', 'SRP14', 'SSB', 'TDGF1', 'TFRC', 'THBS2', 'TLR3', 'TMPRSS5', 'TMSB10', 'TNC', 'TNFRSF13B', 'TNFRSF13C', 'TNFRSF4', 'TP53INP1', 'TPT1', 'VTCN1', 'XPNPEP2']",118
Fold 30,"['CCL20', 'CCL7', 'CTSH', 'LGALS1', 'MUC13', 'MZB1', 'PON3']",7
Fold 31,"['ADAM15', 'ADAMTS13', 'ADAMTS15', 'ADGRG2', 'ANGPTL2', 'AOC1', 'APEX1', 'BAIAP2', 'BSG', 'CCL14', 'CCL15', 'CCL20', 'CCL7', 'CD209', 'CD276', 'CD28', 'CD63', 'CDH17', 'CDHR1', 'CEACAM3', 'CGREF1', 'CHIT1', 'CNTN5', 'COL9A1', 'COLEC12', 'CRLF1', 'CRTAC1', 'CSF2RA', 'CTSH', 'DFFA', 'DKKL1', 'DPP6', 'DPT', 'DSG4', 'EPCAM', 'FABP4', 'FAP', 'FBP1', 'FCAR', 'FCN2', 'FOSB', 'GCG', 'GDF15', 'GFAP', 'GFRA2', 'GGH', 'GGT1', 'GGT5', 'GLT8D2', 'GNLY', 'GPA33', 'GPC5', 'GPKOW', 'HBQ1', 'HCLS1', 'HDGF', 'HEBP1', 'HSPG2', 'ICAM1', 'IGF2R', 'IL13', 'IL16', 'IL17A', 'IL17C', 'IL1RAP', 'IL1RL2', 'IL2', 'IL24', 'IL2RA', 'IL33', 'IL5', 'ING1', 'ISLR2', 'KLK1', 'KLK12', 'KLRD1', 'L1CAM', 'LBR', 'LEFTY2', 'LGALS1', 'LILRB1', 'LRIG1', 'LRPAP1', 'LRRC25', 'LSP1', 'LY96', 'LYPD1', 'MARCO', 'MDGA1', 'MET', 'MILR1', 'MSTN', 'MTPN', 'MUC13', 'MZB1', 'NEFL', 'NOS1', 'NPM1', 'NPTN', 'NPY', 'NTF4', 'OMG', 'PAEP', 'PAG1', 'PDGFC', 'PLAUR', 'PRDX1', 'PRL', 'PSIP1', 'PSPN', 'RANGAP1', 'RARRES1', 'S100A16', 'SCARB1', 'SCGN', 'SCP2', 'SEMA3F', 'SEZ6L2', 'SIGLEC9', 'SLC39A5', 'SMOC2', 'SPINT1', 'SRP14', 'SSB', 'TAFA5', 'THBS2', 'THPO', 'TMSB10', 'TNFRSF13B', 'TNFRSF13C', 'TNFRSF6B', 'TNFRSF8', 'TPT1', 'TSHB', 'TXLNA', 'VWF', 'XPNPEP2']",137
Fold 32,"['ACP5', 'ACP6', 'ADAM15', 'ADAMTS13', 'ADAMTS15', 'AMIGO2', 'AMN', 'ANGPTL2', 'AOC1', 'ATP6V1D', 'B4GAT1', 'CCL15', 'CCL20', 'CD63', 'CDH1', 'CDHR2', 'CEACAM3', 'CES2', 'CHIT1', 'CHRDL1', 'CLUL1', 'COL4A1', 'COL6A3', 'COLEC12', 'CPA2', 'CRTAC1', 'CSF3', 'CTSF', 'CXCL13', 'DCXR', 'DDX58', 'DKK4', 'DKKL1', 'DLL1', 'DNER', 'DSG2', 'ENG', 'ENPP7', 'FABP4', 'FASLG', 'FBP1', 'FCN2', 'FCRL5', 'FGF21', 'FGR', 'FKBP5', 'FOSB', 'FUS', 'GDF2', 'GFRA2', 'GGT1', 'GGT5', 'GNLY', 'GRN', 'GZMH', 'HDGF', 'HLA-DRA', 'HSP90B1', 'ICAM1', 'IFNGR2', 'IGF2R', 'IL11', 'IL15RA', 'IL16', 'IL17C', 'IL22RA1', 'IL6', 'ISM1', 'KCNIP4', 'KIR2DL3', 'KLB', 'KLK1', 'KLK10', 'LILRA5', 'LILRB1', 'LRP11', 'LYPD1', 'MARCO', 'MASP1', 'MDGA1', 'MET', 'MSLN', 'MUC13', 'MZB1', 'NCLN', 'NDRG1', 'NEFL', 'NFATC3', 'NINJ1', 'NOMO1', 'NPTN', 'NRP2', 'NTRK3', 'PCOLCE', 'PDGFC', 'PDGFRA', 'PIGR', 'PM20D1', 'PPY', 'PRKRA', 'PRL', 'PRSS8', 'PSIP1', 'PSPN', 'PTH1R', 'PTPRM', 'RANGAP1', 'RBP2', 'RETN', 'S100A16', 'SERPINA11', 'SERPINB9', 'SFTPA2', 'SMOC2', 'SPINK1', 'SPINK6', 'SPINT1', 'SRP14', 'SSB', 'SSC5D', 'TDGF1', 'TFPI2', 'THBS2', 'THPO', 'TMPRSS5', 'TNFRSF11B', 'TNFRSF13C', 'TNFRSF4', 'TNFRSF8', 'TSHB', 'WIF1', 'XPNPEP2']",132
Fold 33,"['ACP5', 'ADAM15', 'ADGRG2', 'AMY2B', 'ANGPTL3', 'AOC1', 'ASAH2', 'BAIAP2', 'C19orf12', 'CASP1', 'CCL15', 'CCL19', 'CCL20', 'CD22', 'CD5', 'CD63', 'CDHR1', 'CEACAM21', 'CES2', 'CHIT1', 'CNTN1', 'COL9A1', 'CPA2', 'CPVL', 'CRHBP', 'CRTAC1', 'CTRB1', 'CTSF', 'CTSH', 'CTSL', 'CXCL8', 'DKKL1', 'DSG4', 'ENPP7', 'ERBB3', 'FBP1', 'FCGR2B', 'FCN2', 'FCRL1', 'FCRL5', 'FGF21', 'FOSB', 'GAL', 'GFRA2', 'GFRA3', 'GGT5', 'GH2', 'GPA33', 'GUCA2A', 'GZMA', 'HDGF', 'HLA-DRA', 'ICAM1', 'IFNGR2', 'IGF2R', 'IGSF3', 'IL1A', 'IL22RA1', 'IL6', 'ISM1', 'KCNIP4', 'KIR2DL3', 'KLK12', 'KLK14', 'KLK6', 'LILRB1', 'LSP1', 'MAGED1', 'MAPT', 'MARCO', 'MDGA1', 'MET', 'MIA', 'MMP13', 'MUC13', 'MZB1', 'NAAA', 'NCLN', 'NINJ1', 'NRP2', 'OXT', 'PCOLCE', 'PCSK9', 'PDGFC', 'PLA2G10', 'PM20D1', 'PON3', 'PPY', 'PRKRA', 'RAB6B', 'RANGAP1', 'RARRES1', 'RRM2', 'S100A16', 'SCG2', 'SELPLG', 'SIGLEC7', 'SIGLEC9', 'SPINK6', 'SPINT1', 'SRP14', 'TDGF1', 'TFRC', 'THBS2', 'TLR3', 'TMPRSS5', 'TNC', 'TNFRSF8', 'TP53INP1', 'TSHB', 'VWA1', 'WFIKKN1', 'XPNPEP2']",113
Fold 34,"['CCL7', 'LGALS1', 'MZB1']",3
Fold 35,"['ACP5', 'ADAM15', 'ADAMTS13', 'ADAMTS15', 'ALPP', 'AMY2A', 'ANGPTL3', 'ANXA5', 'AOC1', 'ATP6V1D', 'BRK1', 'BSG', 'CAMKK1', 'CCL17', 'CCL20', 'CCL21', 'CD109', 'CD276', 'CD5', 'CD63', 'CDC27', 'CDHR1', 'CES2', 'CGA', 'CHL1', 'CLEC4C', 'CLUL1', 'CRTAC1', 'CSF2RA', 'CTRB1', 'CTSC', 'CTSH', 'CTSL', 'CXCL8', 'DKK4', 'DNER', 'DSG2', 'ERBB3', 'ERP44', 'FABP4', 'FASLG', 'FBP1', 'FCN2', 'FCRL5', 'FCRLB', 'FGF21', 'FKBP5', 'FOSB', 'GFOD2', 'GFRA2', 'GGT1', 'GGT5', 'GPA33', 'HDGF', 'HLA-DRA', 'IGF2R', 'IL11', 'IL13', 'IL17C', 'IL17D', 'IL20', 'IL22RA1', 'IL24', 'IL2RB', 'IL33', 'ISM1', 'ITGB6', 'KIR2DL3', 'KLB', 'LAMA4', 'LGALS1', 'LGALS9', 'LHB', 'LRPAP1', 'LTA', 'LY96', 'LYPD1', 'MDGA1', 'MDK', 'MME', 'MSLN', 'MUC13', 'MUC16', 'MZB1', 'NCLN', 'NDUFS6', 'NELL2', 'NFATC3', 'NINJ1', 'NOMO1', 'NPTN', 'NTF4', 'PCOLCE', 'PDGFC', 'PLIN1', 'PM20D1', 'PODXL2', 'POLR2F', 'PON3', 'PPY', 'PRL', 'PSPN', 'RANGAP1', 'S100A16', 'SELPLG', 'SIGLEC9', 'SMOC2', 'SPINK6', 'SRP14', 'TDGF1', 'TFPI2', 'TFRC', 'THPO', 'TLR3', 'TMPRSS5', 'TMSB10', 'TNC', 'TNFRSF11A', 'TNFRSF4', 'TNFRSF8', 'TP53INP1', 'TPT1', 'TXNDC5', 'WIF1', 'XPNPEP2', 'XRCC4']",126
Fold 36,"['CCL20', 'CCL7', 'MZB1', 'SPINT1']",4
Fold 37,"['BAIAP2', 'CCL20', 'CNTN5', 'CXCL8', 'DSG4', 'LGALS1', 'LRRC25', 'MZB1', 'PLAUR', 'TIMP1', 'TNFRSF8']",11
Fold 38,"['ADAM15', 'ADAMTS15', 'ANXA3', 'BAIAP2', 'BST1', 'CASP1', 'CCL19', 'CCL20', 'CD5', 'CEACAM21', 'CEACAM5', 'CLC', 'COPE', 'CPA2', 'CRTAC1', 'CTSH', 'DDX58', 'DKKL1', 'EPCAM', 'FOSB', 'GH2', 'GPA33', 'GPC5', 'HCLS1', 'HLA-DRA', 'ICAM1', 'IFNGR2', 'IFNLR1', 'IGF2R', 'IL12RB1', 'IL18RAP', 'IL22RA1', 'IL32', 'KCNIP4', 'KIR2DL3', 'KLK12', 'KLRD1', 'LILRB1', 'LY9', 'LY96', 'MDGA1', 'MSR1', 'MUC13', 'MZB1', 'NCLN', 'NFASC', 'NINJ1', 'NRP1', 'PDGFC', 'PIGR', 'PLA2G10', 'PON3', 'PPY', 'RAB6B', 'RBP2', 'SDC1', 'SELPLG', 'SH2D1A', 'SIGLEC7', 'SIGLEC9', 'SMOC2', 'SRP14', 'SSB', 'SSC5D', 'TDGF1', 'THPO', 'TIGAR', 'TMPRSS5', 'TNFRSF13B', 'TNFRSF8', 'TSLP', 'XPNPEP2']",72
Fold 39,"['CCL19', 'CCL20', 'CES2', 'CRTAC1', 'DKKL1', 'DSG4', 'GNLY', 'HDGF', 'MUC13', 'MZB1', 'NDRG1', 'NPTN', 'PSIP1', 'RANGAP1', 'TMPRSS5', 'XPNPEP2', 'XRCC4']",17
Fold 40,"['AMN', 'ANGPTL2', 'ANXA3', 'AOC1', 'ATP6V1D', 'CASP1', 'CCL15', 'CCL17', 'CCL19', 'CCL20', 'CD5', 'CD63', 'CDHR1', 'CHIT1', 'CHL1', 'CLUL1', 'COL4A1', 'COL6A3', 'COLEC12', 'CPPED1', 'CRLF1', 'CRTAC1', 'CTSH', 'CTSS', 'CXCL14', 'CXCL8', 'DKKL1', 'DPT', 'ENPP7', 'FABP4', 'FCAR', 'FCRL5', 'FOSB', 'GFRA2', 'GGT5', 'GNLY', 'HCLS1', 'HDGF', 'HLA-DRA', 'ICAM1', 'IGF2R', 'IL13', 'IL17C', 'IL17RA', 'IL6', 'KCNIP4', 'KIR2DL3', 'KLK10', 'KLRD1', 'LAIR2', 'LAMA4', 'LRIG1', 'LY96', 'LYPD1', 'MAGED1', 'MARCO', 'MASP1', 'MDGA1', 'MET', 'MGMT', 'MILR1', 'MUC13', 'MZB1', 'NCLN', 'NINJ1', 'NPTN', 'NTRK3', 'NXPH1', 'PDGFC', 'PIGR', 'PLAUR', 'PM20D1', 'PON3', 'PRKRA', 'PSPN', 'PTH1R', 'RANGAP1', 'RASSF2', 'RETN', 'SERPINB9', 'SIGLEC9', 'SMOC2', 'SPINK1', 'SRP14', 'SSB', 'STC2', 'TDGF1', 'TFRC', 'THBS4', 'TIGAR', 'TMPRSS5', 'TNC', 'TNFRSF13B', 'TSLP', 'TSPAN1', 'TXLNA', 'XPNPEP2', 'XRCC4']",98
Fold 41,"['ACE2', 'ACP5', 'ADAM15', 'ADAMTS13', 'ADAMTS15', 'AMBP', 'AMY2A', 'AMY2B', 'ANGPTL2', 'ANGPTL7', 'AOC1', 'ARID4B', 'ARNT', 'ATP6V1D', 'BAIAP2', 'BPIFB1', 'BST1', 'C4BPB', 'CA6', 'CALB2', 'CCL20', 'CD177', 'CD276', 'CD63', 'CDH17', 'CDHR1', 'CEACAM3', 'CES2', 'CHL1', 'CLEC4G', 'CLSPN', 'CNTN1', 'COLEC12', 'CPA1', 'CPA2', 'CRTAC1', 'CTSF', 'CTSH', 'CTSL', 'CXCL8', 'DEFA1_DEFA1B', 'DKKL1', 'DNER', 'DPT', 'DSG2', 'DSG4', 'EGLN1', 'ELOA', 'ERBB3', 'EREG', 'FABP1', 'FABP4', 'FASLG', 'FCN2', 'FCRL5', 'FCRLB', 'FOSB', 'FST', 'FUT3_FUT5', 'GFOD2', 'GFRA2', 'GGT1', 'GGT5', 'GH2', 'GLB1', 'GNLY', 'GPA33', 'HDGF', 'HLA-DRA', 'HSPG2', 'IGF2R', 'IL11', 'IL13', 'IL17C', 'IL1RAP', 'IL2RB', 'IL32', 'INHBC', 'ISM1', 'KIR2DL3', 'KLB', 'KLK1', 'KLK10', 'KLRD1', 'LAMA4', 'LILRA5', 'LILRB1', 'LRRC25', 'LY96', 'LYPD1', 'MAPT', 'MARCO', 'MASP1', 'MDGA1', 'MET', 'MME', 'MUC13', 'MZB1', 'NECTIN2', 'NEFL', 'NINJ1', 'NOMO1', 'NPTN', 'NPY', 'NRP1', 'NTF4', 'NTRK3', 'PCSK9', 'PDGFC', 'PM20D1', 'PODXL', 'PODXL2', 'PON3', 'PPY', 'PTH1R', 'PTS', 'RANGAP1', 'REN', 'SCGN', 'SEMA7A', 'SFTPD', 'SIGLEC9', 'SMOC2', 'SMPDL3A', 'SPINT1', 'SSB', 'ST3GAL1', 'TDGF1', 'TFPI2', 'TFRC', 'THPO', 'TNC', 'TNFRSF11A', 'TNFRSF13C', 'TNFRSF4', 'TNFRSF8', 'TPT1', 'TSHB', 'WIF1', 'XPNPEP2']",140
Fold 42,['MZB1'],1
Fold 43,"['CCL7', 'LGALS9', 'MZB1']",3
Fold 44,"['ACP6', 'ACTN4', 'ADAMTS13', 'ADAMTS15', 'B4GAT1', 'BAIAP2', 'BSG', 'CALB2', 'CCL19', 'CCL20', 'CD200', 'CD276', 'CD63', 'CDH17', 'CES2', 'CHIT1', 'CLEC4C', 'CLPS', 'COL4A1', 'CPA2', 'CRTAC1', 'CTSF', 'CTSH', 'CTSL', 'ENPP7', 'ERBB3', 'FABP4', 'FBP1', 'FCGR2B', 'FCRL5', 'FOSB', 'GDF15', 'GFAP', 'GFRA2', 'GGH', 'GGT1', 'GGT5', 'GH2', 'GP2', 'HBQ1', 'HCLS1', 'HDGF', 'HEBP1', 'HLA-DRA', 'ICAM1', 'IGF2R', 'IGFBPL1', 'IGSF3', 'IL11', 'IL17RB', 'IL1RAP', 'IL22RA1', 'IL2RA', 'IL33', 'IL6R', 'ISLR2', 'ISM1', 'KCNIP4', 'KLB', 'KLK10', 'KLK12', 'KLRB1', 'KLRD1', 'LAMA4', 'LGALS1', 'LHB', 'LILRB1', 'LY96', 'MAGED1', 'MARCO', 'MDGA1', 'MET', 'MILR1', 'MMP13', 'MSR1', 'MUC13', 'MZB1', 'NCLN', 'NDRG1', 'NECTIN2', 'NGF', 'NINJ1', 'NOS1', 'NPTN', 'PCOLCE', 'PDGFC', 'PDGFRA', 'PM20D1', 'PON2', 'PPY', 'PRSS8', 'PTEN', 'RANGAP1', 'RARRES1', 'S100A16', 'SDC1', 'SELPLG', 'SEMA7A', 'SIGLEC9', 'SLC16A1', 'SMOC2', 'SMPDL3A', 'SPINK6', 'SPINT1', 'SSC5D', 'TDGF1', 'THPO', 'TMPRSS5', 'TNC', 'TNFRSF10B', 'TNFRSF11A', 'TNFRSF13B', 'TNFRSF13C', 'TNFRSF4', 'TNFRSF8', 'TNFSF12', 'TPT1', 'ULBP2', 'VWA1', 'XPNPEP2']",120
Fold 45,"['ACE2', 'ADAM15', 'ADAMTS15', 'AMBN', 'AMY2A', 'AMY2B', 'AOC1', 'BSG', 'CA5A', 'CCL19', 'CCL20', 'CDH17', 'CDHR2', 'CNTN2', 'COLEC12', 'CPA2', 'CRTAC1', 'CSTB', 'CTRB1', 'CTSF', 'CTSH', 'CTSL', 'DKKL1', 'DLL1', 'DPT', 'ENPP7', 'EREG', 'FABP4', 'FBP1', 'FCN2', 'FCRL5', 'GFRA2', 'GGT5', 'GH2', 'GNLY', 'GP2', 'GPA33', 'GPKOW', 'HBQ1', 'HDGF', 'HLA-DRA', 'IGF2R', 'IL11', 'IL20', 'INHBC', 'KCNIP4', 'KLB', 'KLK10', 'KLRD1', 'LAMA4', 'LILRB1', 'LRIG1', 'LRP11', 'LTBP3', 'LY96', 'LYPD1', 'MAGED1', 'MARCO', 'MDGA1', 'MET', 'MMP13', 'MUC13', 'MZB1', 'NCLN', 'NDUFS6', 'NGF', 'NINJ1', 'NOMO1', 'NOS1', 'NPTN', 'NTRK3', 'PCOLCE', 'PDGFC', 'PLAUR', 'PLIN1', 'PM20D1', 'PON3', 'PPY', 'PRKRA', 'PRTG', 'PTPRM', 'RANGAP1', 'REN', 'S100A16', 'SAMD9L', 'SIRT5', 'SMOC2', 'SPINK6', 'SPINT1', 'SRP14', 'SSB', 'TDGF1', 'TFPI2', 'THBS2', 'THPO', 'TMPRSS5', 'TMSB10', 'TNC', 'TNFRSF11A', 'TNFRSF11B', 'TNFRSF13B', 'TNFRSF4', 'TPT1', 'TSLP', 'TYMP', 'ULBP2', 'VWA1', 'WFIKKN1', 'XPNPEP2', 'XRCC4']",110
Fold 46,"['ACE2', 'ADAMTS13', 'ADAMTS15', 'ADGRG2', 'AFP', 'AMBP', 'ANGPTL2', 'ANGPTL3', 'AOC1', 'APEX1', 'B4GAT1', 'BAIAP2', 'BSG', 'CALB2', 'CCL20', 'CD164', 'CD209', 'CD276', 'CD38', 'CD79B', 'CES2', 'CHIT1', 'CLUL1', 'COL4A1', 'CRH', 'CRTAC1', 'CTSH', 'CTSL', 'CXCL8', 'DKKL1', 'DPT', 'DSG2', 'DSG4', 'ECE1', 'EPCAM', 'ERBB3', 'FABP4', 'FAP', 'FASLG', 'FCAR', 'FCGR2B', 'FCN2', 'FGF21', 'FGR', 'FOSB', 'GDF15', 'GFAP', 'GFOD2', 'GFRA2', 'GGT1', 'GGT5', 'GPA33', 'GRN', 'HAVCR2', 'HBQ1', 'HSP90B1', 'ICAM1', 'IGFBPL1', 'IKZF2', 'IL11', 'IL13', 'IL17C', 'IL24', 'IL2RA', 'IL2RB', 'IL5', 'JUN', 'KCNIP4', 'KLK10', 'KLK12', 'L1CAM', 'LAMA4', 'LEP', 'LGALS1', 'LILRA5', 'LILRB1', 'LY9', 'LY96', 'MAGED1', 'MARCO', 'MDGA1', 'MET', 'MILR1', 'MUC13', 'MZB1', 'NCLN', 'NELL2', 'NPTN', 'NPY', 'NRP2', 'PDGFRA', 'PLAUR', 'PON3', 'PPY', 'PSIP1', 'PSPN', 'RANGAP1', 'RARRES1', 'RASA1', 'RRM2', 'S100A16', 'SCARB1', 'SIGLEC9', 'SMOC2', 'SPINT1', 'SRP14', 'SSC5D', 'TAFA5', 'TCL1A', 'TDGF1', 'THBS2', 'THPO', 'TNFRSF11A', 'TNFRSF13B', 'TNFRSF13C', 'TNFRSF8', 'TNFSF12', 'TPT1', 'VWA1']",119
Fold 47,"['ADAMTS13', 'ARNT', 'BAIAP2', 'BSG', 'C19orf12', 'CCL20', 'CDHR1', 'CES2', 'CHIT1', 'CRTAC1', 'HDGF', 'IL22RA1', 'KIR2DL3', 'LAMA4', 'LGALS1', 'LILRA5', 'LY96', 'MDGA1', 'MUC13', 'MZB1', 'NDRG1', 'NOMO1', 'NPTN', 'PPY', 'XPNPEP2']",25
Fold 48,"['ANGPTL2', 'CASP1', 'CRTAC1', 'CTSH', 'DSG4', 'FOSB', 'IGF2R', 'LGALS1', 'MDGA1', 'MZB1', 'PLAUR', 'SIGLEC9', 'SRP14', 'TNFRSF8']",14
Fold 49,"['ADAM15', 'ADAMTS15', 'AMY2A', 'AMY2B', 'CAPG', 'CASP1', 'CCL15', 'CCL19', 'CCL20', 'CD164', 'CD276', 'CD300C', 'CD5', 'CD63', 'CDHR1', 'CEACAM5', 'CES2', 'CHIT1', 'CHL1', 'CLUL1', 'CPA2', 'CRTAC1', 'CTRB1', 'CXCL8', 'DDC', 'DLL1', 'DPT', 'FCAR', 'FCGR2A', 'FCN2', 'FCRL5', 'FCRL6', 'FGF21', 'FOSB', 'FUCA1', 'FUS', 'GAL', 'GGT5', 'GNLY', 'GPA33', 'HLA-DRA', 'IGF2R', 'IGSF3', 'IL11', 'IL12RB1', 'IL13', 'IL13RA1', 'IL16', 'IL17RB', 'IL2', 'IL2RA', 'IL5RA', 'ILKAP', 'ISM1', 'KCNIP4', 'KIR2DL3', 'KLK14', 'LAMA4', 'LILRB1', 'LRP11', 'LRRC25', 'LYPD8', 'MAGED1', 'MDGA1', 'MSLN', 'MUC13', 'MZB1', 'NCAM2', 'NOMO1', 'NPTN', 'NRP1', 'PDCD1LG2', 'PDGFC', 'PM20D1', 'PON3', 'RBP2', 'RETN', 'SCARB1', 'SPINK1', 'SRP14', 'TDGF1', 'TFRC', 'THBS2', 'TMPRSS5', 'TNC', 'TNFRSF8', 'TNFSF12', 'TNNI3', 'TP53INP1', 'TSHB', 'TXLNA', 'WISP1', 'XPNPEP2', 'XRCC4']",94
Fold 50,"['CCL20', 'FOSB', 'MDGA1', 'MZB1', 'PON3', 'SIGLEC9', 'SRP14', 'TMPRSS5', 'TNFRSF8']",9
Fold 51,"['ACE2', 'ACP5', 'ACTN4', 'ADAMTS13', 'ADAMTS15', 'AMY2A', 'AMY2B', 'AOC1', 'B4GAT1', 'BAIAP2', 'BCR', 'BSG', 'CALB2', 'CAPG', 'CCL20', 'CD200', 'CD276', 'CD63', 'CDH17', 'CDHR1', 'CELA3A', 'CES2', 'CGREF1', 'CHIT1', 'CLEC4C', 'CLEC4G', 'CLPS', 'COL4A1', 'COX5B', 'CPA2', 'CRTAC1', 'CTRB1', 'CTSL', 'CXCL8', 'DKKL1', 'DLL1', 'DPT', 'DSG4', 'EPCAM', 'EREG', 'FABP4', 'FASLG', 'FCGR2B', 'FCN2', 'FOSB', 'FST', 'FUT3_FUT5', 'GDF15', 'GFAP', 'GFRA2', 'GGT1', 'GGT5', 'GH2', 'HCLS1', 'HDGF', 'HEBP1', 'HLA-DRA', 'ICAM1', 'ICAM5', 'IGF2R', 'IL13', 'IL17F', 'IL18RAP', 'IL22RA1', 'IL24', 'IL2RA', 'IL33', 'ISLR2', 'KIR2DL3', 'KLK1', 'KLK10', 'KLK12', 'KLRB1', 'LAMA4', 'LGALS1', 'LILRA5', 'LRPAP1', 'LY96', 'LYPD1', 'MAGED1', 'MARCO', 'MDGA1', 'MET', 'MGMT', 'MME', 'MSLN', 'MSR1', 'MUC13', 'MZB1', 'NCLN', 'NDRG1', 'NINJ1', 'NPTN', 'NPTXR', 'NPY', 'NTF4', 'NTRK3', 'PAEP', 'PCSK9', 'PDGFC', 'PDGFRA', 'PDLIM7', 'PLA2G10', 'PLAUR', 'PM20D1', 'PNLIPRP2', 'PON3', 'PPY', 'PRL', 'PRSS8', 'PSIP1', 'PTH1R', 'RANGAP1', 'RARRES1', 'SCGN', 'SIGLEC9', 'SMOC2', 'SMPDL3A', 'SPINT1', 'SRP14', 'SSB', 'ST3GAL1', 'STC2', 'TDGF1', 'THPO', 'TIMP3', 'TLR3', 'TMPRSS5', 'TMSB10', 'TNC', 'TNFRSF11A', 'TNFRSF4', 'TNFRSF8', 'TPT1', 'TSHB', 'XPNPEP2', 'XRCC4']",137
Fold 52,"['ADAMTS16', 'ADGRG2', 'AMY2B', 'ANGPTL2', 'ATP6V1D', 'BAIAP2', 'BGN', 'BST2', 'C19orf12', 'CCL15', 'CCL20', 'CD300C', 'CEACAM3', 'CLEC11A', 'CLUL1', 'CNTN1', 'CNTN2', 'CPA2', 'CRTAC1', 'CTSH', 'CTSL', 'DKKL1', 'DPT', 'EPHA1', 'ERBB4', 'FCAR', 'GHRHR', 'HLA-DRA', 'HPGDS', 'ICAM3', 'IFNGR2', 'IGF2R', 'IL32', 'IL33', 'ISM1', 'KCNIP4', 'KIR2DL3', 'KLB', 'LAMA4', 'LILRA5', 'LRRC25', 'LY9', 'LY96', 'MAGED1', 'MASP1', 'MDGA1', 'MUC13', 'MZB1', 'NINJ1', 'NOMO1', 'NPTN', 'NRP1', 'NTRK3', 'PDGFC', 'PIGR', 'PPY', 'PRTG', 'RANGAP1', 'RETN', 'SIGLEC10', 'TCL1A', 'TCL1B', 'TDGF1', 'THBS2', 'THPO', 'TNFRSF11B', 'UMOD', 'VEGFA', 'WIF1', 'XPNPEP2']",70
Fold 53,"['ADAMTS13', 'ADAMTS15', 'ADGRG2', 'AFP', 'AHSP', 'AKR1C4', 'AMBP', 'ANGPTL3', 'AOC1', 'APEX1', 'B4GAT1', 'BAIAP2', 'BSG', 'CALB2', 'CCL19', 'CCL20', 'CD164', 'CD276', 'CD38', 'CD5', 'CD63', 'CDHR1', 'CES2', 'CHIT1', 'CHL1', 'CLUL1', 'CNTN5', 'CPA2', 'CPE', 'CRTAC1', 'CXCL8', 'DKKL1', 'DPT', 'DSG2', 'DSG4', 'EDIL3', 'EPCAM', 'ERBB3', 'FABP4', 'FAP', 'FASLG', 'FCAR', 'FCGR2A', 'FCGR2B', 'FCN2', 'FCRL5', 'FGF21', 'FOSB', 'GFAP', 'GFOD2', 'GFRA2', 'GGT5', 'GLT8D2', 'GPA33', 'GRN', 'HBQ1', 'HDGF', 'HEBP1', 'HMBS', 'HMOX1', 'HSP90B1', 'IGF2R', 'IGFBPL1', 'IL11', 'IL13', 'IL16', 'IL17C', 'IL1A', 'IL22RA1', 'IL2RA', 'ILKAP', 'ING1', 'JCHAIN', 'JUN', 'KCNIP4', 'KIR2DL3', 'KLB', 'KLK12', 'L1CAM', 'LAMA4', 'LEP', 'LGALS1', 'LILRA5', 'LILRB1', 'LPO', 'LRPAP1', 'LY9', 'LY96', 'LYPD1', 'MAGED1', 'MARCO', 'MDGA1', 'MEGF10', 'MET', 'MILR1', 'MUC13', 'MZB1', 'NDRG1', 'NECTIN2', 'NELL2', 'NPTN', 'NPY', 'NTRK3', 'OMG', 'PAEP', 'PCOLCE', 'PDGFC', 'PLA2G7', 'POLR2F', 'PON3', 'PPY', 'PRSS8', 'PSIP1', 'PSPN', 'PTK7', 'RANGAP1', 'RARRES1', 'RASA1', 'RCOR1', 'S100A16', 'SCARB1', 'SCGN', 'SEZ6L2', 'SH2D1A', 'SPINT1', 'SRP14', 'SSB', 'TCL1A', 'TCL1B', 'TDGF1', 'TFPI2', 'TFRC', 'TMSB10', 'TNC', 'TNFRSF11A', 'TNFRSF13C', 'TNFRSF4', 'TNFRSF8', 'TPT1', 'XPNPEP2']",140
Fold 54,"['CCL7', 'LGALS9', 'MZB1']",3
Fold 55,"['BAIAP2', 'CCL20', 'CRTAC1', 'DSG4', 'FOSB', 'HDGF', 'IGF2R', 'LGALS1', 'MAGED1', 'MDGA1', 'MUC13', 'MZB1', 'SMOC2', 'TNC', 'XPNPEP2']",15
Fold 56,"['ABL1', 'ACP5', 'ACP6', 'ADAM15', 'ADAMTS13', 'ADAMTS15', 'AMY2B', 'AOC1', 'ATP6V1D', 'BAIAP2', 'BMP4', 'BRK1', 'BSG', 'CALB2', 'CAMKK1', 'CAPG', 'CCL20', 'CD33', 'CD63', 'CDHR1', 'CDKN1A', 'CES2', 'CHIT1', 'CLEC4G', 'CLPS', 'CNTN1', 'COLEC12', 'CPA2', 'CRELD2', 'CRIM1', 'CRIP2', 'CRTAC1', 'CTSH', 'CTSL', 'CXCL8', 'DKK1', 'DKK3', 'DKKL1', 'DLL1', 'DNER', 'DOK2', 'DSG4', 'DUOX2', 'ECE1', 'ENAH', 'ENPP7', 'F3', 'FABP2', 'FASLG', 'FBP1', 'FCGR2B', 'FCGR3B', 'FCN2', 'FGF21', 'FOSB', 'GFAP', 'GFOD2', 'GFRA2', 'GGT1', 'GGT5', 'GH2', 'HBQ1', 'HCLS1', 'HDGF', 'HEBP1', 'HLA-DRA', 'ICAM5', 'IFNGR2', 'IGF2R', 'IKBKG', 'IL11', 'IL13', 'IL1RAP', 'IL22RA1', 'IL24', 'IL2RB', 'IL33', 'IL7R', 'KCNIP4', 'KLB', 'KLK1', 'KLK10', 'KLRB1', 'LAMA4', 'LGALS1', 'LILRA5', 'LILRB1', 'LRPAP1', 'LTA', 'LY96', 'MDGA1', 'MET', 'MSLN', 'MUC13', 'MUC16', 'MZB1', 'NCLN', 'NECTIN2', 'NEFL', 'NINJ1', 'NPTN', 'NPTXR', 'NRP1', 'NXPH1', 'PCOLCE', 'PDGFC', 'PNLIPRP2', 'PODXL2', 'PON3', 'PPY', 'PRKRA', 'PRL', 'RARRES1', 'RBP2', 'RTN4R', 'S100A16', 'SELPLG', 'SERPINB9', 'SETMAR', 'SEZ6L2', 'SIGLEC9', 'SLC39A5', 'SMOC2', 'SOST', 'SPINK6', 'SPINT1', 'SRP14', 'SSC5D', 'TDGF1', 'TFPI2', 'THBD', 'THPO', 'TIMD4', 'TNC', 'TNFRSF4', 'TNFRSF8', 'TRIAP1', 'TSHB', 'TXLNA', 'ULBP2', 'VWA1', 'XPNPEP2']",142
Fold 57,"['ACE2', 'ACP5', 'ADAM15', 'AMBN', 'AMY2A', 'AMY2B', 'ANGPTL3', 'BCAN', 'CCL15', 'CCL20', 'CD300C', 'CD63', 'CDH5', 'CEACAM3', 'CES2', 'CNTN1', 'CPA2', 'CRTAC1', 'CSF2RA', 'CTSD', 'CTSH', 'CTSL', 'DKKL1', 'DLL1', 'EDA2R', 'EPCAM', 'FABP4', 'FBP1', 'FCGR2A', 'FCGR2B', 'FCN2', 'FCRL2', 'FCRL6', 'FCRLB', 'FGF21', 'FOSB', 'GGT5', 'GH1', 'GH2', 'GPA33', 'GPKOW', 'GPR37', 'HDGF', 'HLA-DRA', 'IGF2R', 'IGSF3', 'IL11', 'IL15RA', 'IL18RAP', 'IL1A', 'IL2RB', 'ILKAP', 'ISM1', 'KCNIP4', 'KIR2DL3', 'KLK14', 'KLK6', 'KRT18', 'LILRB1', 'LILRB5', 'LRP11', 'LY9', 'MDGA1', 'MET', 'MUC13', 'MZB1', 'NINJ1', 'NOMO1', 'NPTN', 'NPY', 'NRP2', 'OXT', 'PM20D1', 'PPY', 'PRTG', 'PTS', 'RANGAP1', 'RGMA', 'SCP2', 'SDC1', 'SPINK6', 'SPINT1', 'SSC5D', 'TDGF1', 'THPO', 'TLR3', 'TMPRSS5', 'TNC', 'TNFRSF11B', 'TNFRSF8', 'ULBP2', 'VWA1', 'XPNPEP2']",93
Fold 58,"['CAPG', 'CCL20', 'CRTAC1', 'CSTB', 'EGLN1', 'MSR1', 'MZB1']",7
Fold 59,"['ADAMTS13', 'AFP', 'AKR1C4', 'ANGPTL3', 'AOC1', 'APOM', 'BAIAP2', 'CA6', 'CALB2', 'CCL19', 'CCL20', 'CD164', 'CD200', 'CD38', 'CDHR1', 'CEACAM5', 'CES2', 'CHIT1', 'CLEC4C', 'CLPS', 'CLUL1', 'CNTN5', 'COL4A1', 'CRTAC1', 'CTRB1', 'CTSL', 'CXCL8', 'DKKL1', 'DPT', 'ECE1', 'EREG', 'FABP4', 'FGF21', 'FOSB', 'GDF15', 'GFAP', 'GFRA2', 'GGT5', 'GPA33', 'HBQ1', 'HDGF', 'ICAM1', 'IL13', 'IL17C', 'IL24', 'IL2RA', 'IL5', 'ILKAP', 'ISLR2', 'KCNIP4', 'KLK12', 'LAMA4', 'LEP', 'LHB', 'LILRA5', 'LILRB1', 'LRP1', 'LRPAP1', 'LY96', 'LYPD1', 'MAGED1', 'MARCO', 'MDGA1', 'MET', 'MSLN', 'MUC13', 'MZB1', 'NCLN', 'NELL2', 'NFKBIE', 'NOMO1', 'NPTN', 'NPTXR', 'NPY', 'NTRK3', 'PCOLCE', 'PDGFC', 'PDGFRA', 'PLA2G7', 'PON2', 'PON3', 'PPP3R1', 'PRDX1', 'PRKRA', 'PRSS8', 'PSIP1', 'RAB6B', 'RANGAP1', 'RARRES1', 'RCOR1', 'S100A16', 'SCARB1', 'SIGLEC9', 'SOD2', 'SPINT1', 'SRP14', 'SSB', 'TDGF1', 'THBS2', 'THPO', 'TIMP3', 'TMPRSS5', 'TNC', 'TNFRSF8', 'TP53', 'TPT1', 'TSLP', 'TSPAN1', 'VWF', 'XPNPEP2', 'XRCC4']",111
Fold 60,"['CRTAC1', 'FOSB', 'GZMA', 'MDGA1', 'MSR1', 'MUC13', 'MZB1', 'PCSK9', 'PIGR', 'PON3', 'TNFRSF8']",11
Fold 61,['MZB1'],1
Fold 62,"['ADAM15', 'ADAMTS13', 'ADAMTS15', 'AMBP', 'ANGPTL2', 'ARNT', 'BGN', 'CA5A', 'CALB2', 'CCL15', 'CCL20', 'CCL22', 'CD164', 'CEACAM3', 'CES2', 'CNTNAP2', 'COL4A1', 'COLEC12', 'CPA2', 'CRTAC1', 'CTSF', 'CTSH', 'DKKL1', 'DLL1', 'DSG2', 'ECE1', 'FABP4', 'FBP1', 'FCAR', 'FCN2', 'GFOD2', 'GFRA2', 'GGT5', 'HBQ1', 'HLA-DRA', 'ICAM5', 'IGF2R', 'IGSF8', 'IL11', 'IL13', 'IL22RA1', 'IL24', 'IL33', 'ILKAP', 'KCNIP4', 'KLB', 'KLK1', 'KLK10', 'KLK11', 'KLK14', 'LAMA4', 'LBR', 'LEP', 'LGALS1', 'LGALS9', 'LRIG1', 'LRP11', 'LRPAP1', 'LY96', 'LYPD1', 'MDGA1', 'MET', 'MSLN', 'MSR1', 'MUC13', 'MZB1', 'NCLN', 'NDRG1', 'NOMO1', 'NPTN', 'NRTN', 'NTRK3', 'OMG', 'PCOLCE', 'PCSK9', 'PDGFC', 'PLAUR', 'PODXL2', 'PPP3R1', 'PPY', 'PREB', 'PRL', 'PRTG', 'RANGAP1', 'RETN', 'SCGN', 'SIGLEC9', 'SMPDL3A', 'SPINT1', 'SRP14', 'TCL1A', 'TFPI2', 'THPO', 'TNC', 'TNFRSF11A', 'TNFRSF4', 'TNFRSF8', 'TSPAN1', 'ULBP2', 'VWA1', 'VWC2', 'VWF', 'WIF1', 'WISP2', 'XPNPEP2', 'XRCC4']",106
Fold 63,[],0
Fold 64,"['ACE2', 'ACP5', 'ADCYAP1R1', 'ADGRG1', 'ALPP', 'AMIGO2', 'AMY2A', 'AMY2B', 'AOC1', 'APOM', 'BAIAP2', 'CA6', 'CASC4', 'CCL15', 'CCL20', 'CD276', 'CDHR1', 'CES2', 'CHI3L1', 'CLUL1', 'COL4A1', 'CPA2', 'CRTAC1', 'CTRB1', 'CTSF', 'CTSV', 'CXCL8', 'DKK1', 'DKKL1', 'DSG2', 'ENPP7', 'ERBB4', 'FBP1', 'FCN2', 'FCRL1', 'FCRL5', 'FCRLB', 'FGF21', 'GFRA2', 'GGT5', 'GH2', 'GPC5', 'HDGF', 'IGF2R', 'IGFBPL1', 'IGSF3', 'IL17C', 'IL5RA', 'IL6', 'IL6R', 'ING1', 'ISM1', 'KIR2DL3', 'KLB', 'KLK1', 'KLK10', 'KLRB1', 'LAMA4', 'LGALS1', 'LHB', 'LY9', 'LY96', 'LYPD3', 'MARCO', 'MASP1', 'MDGA1', 'MET', 'MILR1', 'MMP13', 'MUC13', 'MZB1', 'NCLN', 'NINJ1', 'NOMO1', 'NTRK3', 'PCOLCE', 'PLAU', 'PLAUR', 'PM20D1', 'PNLIPRP2', 'PRSS8', 'PSIP1', 'RANGAP1', 'S100A16', 'SCP2', 'SELPLG', 'SIGLEC7', 'SIGLEC9', 'SMOC2', 'SMPDL3A', 'SPINK6', 'SPINT1', 'SRP14', 'TDGF1', 'TFPI2', 'THBS2', 'THPO', 'TMPRSS5', 'TNC', 'TNFRSF11A', 'TNFRSF13B', 'TNFRSF13C', 'TNFSF12', 'TP53', 'ULBP2', 'VEGFA', 'VWA1', 'XPNPEP2', 'XRCC4']",109
Fold 65,"['ADAM15', 'ADAMTS13', 'ADAMTS15', 'ANGPTL2', 'ANGPTL3', 'ANXA3', 'B4GAT1', 'BST1', 'CAPG', 'CASP1', 'CCL15', 'CCL17', 'CCL20', 'CCL23', 'CD177', 'CEACAM5', 'CLEC10A', 'CNTN1', 'CPA2', 'CRTAC1', 'CTSF', 'CTSH', 'CXCL13', 'DKKL1', 'DLL1', 'FBP1', 'FCGR2B', 'FGF21', 'FOSB', 'FUCA1', 'GFRA2', 'GGT1', 'GH2', 'GPC5', 'GZMA', 'HCLS1', 'HLA-DRA', 'HPGDS', 'ICAM1', 'IGF2R', 'IL13', 'IL16', 'IL18RAP', 'IL22RA1', 'IL33', 'ISM1', 'ITGB6', 'KIR2DL3', 'KLK1', 'KLK14', 'LAMP3', 'LGALS3', 'LTA', 'LYN', 'LYPD8', 'MDGA1', 'MSLN', 'MUC13', 'MZB1', 'NCLN', 'NPY', 'PCSK9', 'PIGR', 'PLAUR', 'PM20D1', 'PPY', 'PRL', 'PTPRM', 'RANGAP1', 'RBP2', 'S100A11', 'SCARB1', 'SCP2', 'SEZ6L2', 'SFTPA2', 'SIGLEC9', 'SMOC2', 'SMPDL3A', 'SPINK6', 'SRP14', 'SSB', 'TDGF1', 'THBS2', 'THPO', 'TMPRSS15', 'TNFRSF8', 'TYMP', 'VTCN1', 'XPNPEP2']",89
Fold 66,"['ACP6', 'ADAM15', 'ADAMTS13', 'ADAMTS15', 'AMY2A', 'AMY2B', 'AOC1', 'ATP6V1D', 'BAIAP2', 'CCL14', 'CCL15', 'CCL17', 'CCL20', 'CDHR1', 'CES2', 'CHIT1', 'CLPS', 'COL6A3', 'CRELD2', 'CRTAC1', 'CSF2RA', 'CTRB1', 'CTSF', 'CTSH', 'CXCL14', 'CXCL8', 'DKKL1', 'DPT', 'DSG4', 'ENPP7', 'ERBB2', 'FABP4', 'FCRL5', 'FOSB', 'GFAP', 'GFRA2', 'GGT1', 'GGT5', 'GH2', 'GP2', 'HBQ1', 'HDGF', 'HSPG2', 'ICAM1', 'ICAM5', 'IGF2R', 'IGFBPL1', 'IL13', 'IL1RAP', 'IL2RA', 'INHBC', 'ISLR2', 'ISM1', 'KCNIP4', 'KLK10', 'LAMA4', 'LEP', 'LGALS1', 'LHB', 'LRRC25', 'LTA', 'LY96', 'LYPD1', 'MARCO', 'MASP1', 'MDGA1', 'MET', 'MILR1', 'MME', 'MSLN', 'MUC13', 'MZB1', 'NPTN', 'NPY', 'NRP1', 'NTRK3', 'NXPH1', 'PCDH1', 'PDGFC', 'PIGR', 'PLA2G7', 'PM20D1', 'PON3', 'PPY', 'PRSS8', 'PSIP1', 'PTH1R', 'RANGAP1', 'RARRES1', 'S100A16', 'SIGLEC7', 'SIGLEC9', 'SMOC2', 'SPINT1', 'SRP14', 'STX8', 'TDGF1', 'TFRC', 'THPO', 'TMPRSS5', 'TNFRSF4', 'TSHB', 'TSLP', 'XPNPEP2', 'XRCC4']",105
Fold 67,[],0
Fold 68,"['GDF15', 'LGALS9', 'MZB1']",3
Fold 69,"['ANGPTL2', 'CCL20', 'CDHR1', 'CEACAM3', 'CES2', 'CRTAC1', 'CTSL', 'DKKL1', 'DLL1', 'DPT', 'DSG4', 'FABP4', 'FCN2', 'FGF21', 'GGT5', 'HDGF', 'HLA-DRA', 'IL11', 'KCNIP4', 'MAGED1', 'MDGA1', 'MUC13', 'MZB1', 'NDRG1', 'NPTN', 'PDGFC', 'PPY', 'RETN', 'TCL1A', 'TDGF1', 'TFPI2', 'TNFRSF13C', 'XPNPEP2']",33
Fold 70,"['CDCP1', 'DSG4', 'FBP1', 'GDF15', 'GRN', 'LGALS1', 'MZB1', 'PON3']",8
Fold 71,[],0
Fold 72,"['ACP5', 'ACTN4', 'ADAM15', 'AMIGO2', 'AMY2B', 'AOC1', 'BAIAP2', 'BSG', 'CALB2', 'CCL20', 'CD164', 'CDH17', 'CES2', 'CLEC4C', 'CLUL1', 'CPA2', 'CRTAC1', 'CRX', 'CSF2RA', 'CTSH', 'CXCL13', 'DLL1', 'ENPP7', 'EPCAM', 'FABP4', 'FBP1', 'FCAR', 'FCGR2B', 'FCN2', 'FCRL5', 'FGF21', 'GFAP', 'GFRA2', 'GGT5', 'GHRHR', 'GP2', 'GPA33', 'GPC5', 'HDGF', 'HLA-DRA', 'IFNGR1', 'IGF2R', 'IGFBPL1', 'IL17C', 'IL18RAP', 'IL20', 'IL22RA1', 'ILKAP', 'JCHAIN', 'KIR2DL3', 'KLB', 'KLK1', 'KLK14', 'KLRD1', 'LAIR2', 'LEFTY2', 'LGALS1', 'LHB', 'LY96', 'MARCO', 'MDGA1', 'MMP13', 'MUC13', 'MZB1', 'NCLN', 'NGF', 'NOS1', 'NPTN', 'NRP1', 'NRP2', 'OMG', 'PCOLCE', 'PDGFC', 'PM20D1', 'PRSS8', 'PRTG', 'PSIP1', 'PSPN', 'S100A16', 'SCP2', 'SMOC2', 'SPINT1', 'SRP14', 'SSC5D', 'TDGF1', 'THPO', 'TMPRSS5', 'TMSB10', 'TNFRSF11A', 'TNFRSF13B', 'TNFRSF13C', 'TNFRSF4', 'TNFRSF8', 'TPT1', 'ULBP2', 'VEGFA', 'XPNPEP2']",97
Fold 73,"['ADAM15', 'ADAMTS13', 'ANGPTL2', 'ARNT', 'BAIAP2', 'C19orf12', 'CCL20', 'CES2', 'CRTAC1', 'CTSF', 'DKKL1', 'FCGR2A', 'IKZF2', 'IL22RA1', 'KCNIP4', 'MSR1', 'MUC13', 'MZB1', 'NDRG1', 'NPTN', 'NTRK3', 'PPY', 'RANGAP1', 'SRP14', 'TFPI2', 'TNC', 'XPNPEP2']",27
Fold 74,"['ADAMTS15', 'ADGRG2', 'AMY2A', 'AMY2B', 'ANGPTL7', 'APEX1', 'ARNT', 'ARTN', 'ATP6V1D', 'B4GAT1', 'BAIAP2', 'CA5A', 'CASP1', 'CASP8', 'CCL19', 'CD38', 'CD5', 'CDH17', 'CDHR1', 'CEACAM5', 'CES2', 'CHIT1', 'CLEC4G', 'CNTN1', 'COL6A3', 'CPA2', 'CRTAC1', 'CTSH', 'DKKL1', 'DPT', 'DSG4', 'ERBB4', 'FASLG', 'FBP1', 'FCGR2B', 'FGF21', 'FOSB', 'GAL', 'GFOD2', 'GH2', 'GP2', 'GPC5', 'GZMA', 'HCLS1', 'HDGF', 'HLA-DRA', 'IFNGR2', 'IGF2R', 'IL11', 'IL13', 'IL16', 'IL2RA', 'IL2RB', 'IL32', 'IL33', 'INHBC', 'ISLR2', 'ISM1', 'KCNIP4', 'KIR2DL3', 'KLK1', 'KLK12', 'KLK14', 'KLRD1', 'LAMA4', 'LGALS9', 'LHPP', 'LILRB1', 'MAGED1', 'MARCO', 'MATN3', 'MDGA1', 'MET', 'MTPN', 'MUC13', 'MZB1', 'NFKBIE', 'NOMO1', 'NPTN', 'NTRK3', 'PCSK9', 'PDGFC', 'PDGFRA', 'PLA2G10', 'PM20D1', 'PON3', 'PPY', 'PTH1R', 'RAB6B', 'RANGAP1', 'RARRES2', 'SCG2', 'SDC1', 'SELPLG', 'SFTPD', 'SLITRK6', 'SMOC2', 'SPINT1', 'TCL1A', 'TDGF1', 'TFPI2', 'THBS2', 'THPO', 'TIGAR', 'TLR3', 'TMPRSS5', 'TNC', 'TSHB', 'XPNPEP2']",109
Fold 75,"['ADAM15', 'CCL19', 'CCL20', 'CDHR1', 'CRTAC1', 'CXCL8', 'DPT', 'ENPP7', 'FOSB', 'HLA-DRA', 'IGF2R', 'KLK10', 'MDGA1', 'MUC13', 'MZB1', 'NINJ1', 'NTRK3', 'PM20D1', 'PON3', 'RANGAP1', 'SMOC2', 'SOST', 'SSB', 'TDGF1', 'XPNPEP2', 'XRCC4']",26
Fold 76,"['ACTN4', 'ADAMTS13', 'ADAMTS15', 'ADCYAP1R1', 'AKR1C4', 'AMIGO2', 'ANGPTL2', 'ANGPTL3', 'ANXA5', 'AOC1', 'APEX1', 'B4GAT1', 'BAIAP2', 'BSG', 'CALB2', 'CAMKK1', 'CCL20', 'CD164', 'CD63', 'CDC27', 'CDHR1', 'CES2', 'CHIT1', 'CHL1', 'CLPS', 'CRH', 'CRLF1', 'CRTAC1', 'CSTB', 'CTRB1', 'CTSH', 'DKKL1', 'DPT', 'DSG4', 'ENPP7', 'EREG', 'FABP4', 'FASLG', 'FBP1', 'FCGR2B', 'FCN2', 'FCRL5', 'FOSB', 'GFAP', 'GFRA2', 'GGT1', 'GGT5', 'HBQ1', 'HDGF', 'HEBP1', 'HLA-DRA', 'HSPG2', 'IDS', 'IFNGR1', 'IGF2R', 'IGFBPL1', 'IL11', 'IL17C', 'IL17D', 'IL1RAP', 'IL22RA1', 'IL24', 'IL33', 'ISLR2', 'ISM1', 'KCNIP4', 'KLB', 'KLK12', 'LAMA4', 'LGALS1', 'LILRB1', 'LRPAP1', 'LY9', 'LY96', 'MAGED1', 'MCFD2', 'MDGA1', 'MET', 'MMP13', 'MSR1', 'MTPN', 'MUC13', 'MUC16', 'MZB1', 'NCLN', 'NECTIN2', 'NELL2', 'NGF', 'NINJ1', 'NPTN', 'NPTXR', 'PAEP', 'PAG1', 'PDGFC', 'PIGR', 'PLAUR', 'PLXNB2', 'PM20D1', 'PON3', 'PPY', 'PRSS8', 'PSPN', 'RANGAP1', 'RARRES1', 'RASA1', 'S100A16', 'SELPLG', 'SIGLEC9', 'SLC16A1', 'SMOC2', 'SOD2', 'SPINT1', 'SRP14', 'SSC5D', 'STC2', 'TDGF1', 'THBD', 'THPO', 'TMPRSS5', 'TNC', 'TNFRSF11A', 'TNFRSF13C', 'TNFRSF4', 'TNFRSF8', 'TPSAB1', 'TPT1', 'WFIKKN1', 'XPNPEP2']",128
Fold 77,"['CCL20', 'CCL7', 'CRTAC1', 'HDGF', 'LGALS1', 'MDGA1', 'MZB1', 'NOMO1', 'SRP14', 'TFPI2', 'TNC']",11
Fold 78,"['AMY2A', 'AMY2B', 'B4GAT1', 'CASP1', 'CCL15', 'CCL19', 'CD63', 'CHIT1', 'CPA2', 'CPM', 'CRTAC1', 'CTSH', 'CXCL8', 'DKKL1', 'F9', 'FCGR2B', 'FGF21', 'FOSB', 'GFRA2', 'HLA-DRA', 'IGF2R', 'IL13', 'IL2', 'IL2RA', 'ISM1', 'KCNIP4', 'KLK1', 'MDGA1', 'MSLN', 'MUC13', 'MZB1', 'NFATC3', 'NPY', 'PCSK9', 'PDGFC', 'RANGAP1', 'SIGLEC9', 'SPINT1', 'SRP14', 'TDGF1', 'THBS2', 'TNC', 'TSHB', 'XPNPEP2']",44
Fold 79,"['ACE2', 'ADAMTS13', 'ADGRG2', 'AFP', 'AHSP', 'ANXA11', 'AOC1', 'APOM', 'ARNT', 'BAIAP2', 'C4BPB', 'CCL20', 'CD164', 'CD38', 'CD5', 'CD63', 'CES2', 'CLSPN', 'CLSTN2', 'CNTN4', 'COLEC12', 'CPA2', 'CPE', 'CRLF1', 'CRTAC1', 'CRX', 'CTSB', 'CXCL14', 'DFFA', 'DLL1', 'FCGR2A', 'FCN2', 'FCRL5', 'FOSB', 'GCG', 'GFAP', 'GFOD2', 'GFRA2', 'GGT1', 'GP2', 'GPA33', 'HBQ1', 'HDGF', 'HMBS', 'IL13', 'IL16', 'IL17C', 'IL17RB', 'IL2RA', 'IL5', 'ISLR2', 'JCHAIN', 'KIR2DL3', 'KLRD1', 'KRT14', 'L1CAM', 'LEP', 'LILRA5', 'LILRB1', 'LRPAP1', 'LRRC25', 'LYPD1', 'LYPD8', 'MARCO', 'MDGA1', 'MET', 'MZB1', 'NDRG1', 'NPM1', 'NRP1', 'PIGR', 'PILRB', 'PKLR', 'PLA2G7', 'PODXL2', 'POLR2F', 'PON3', 'PRL', 'PSIP1', 'PTH1R', 'RABEPK', 'RASA1', 'S100A16', 'SCARB1', 'SCP2', 'SEZ6L2', 'SIGLEC9', 'SLC39A5', 'SMOC2', 'SPINT1', 'SSB', 'TDGF1', 'TFRC', 'THBD', 'THPO', 'TNFRSF11A', 'TNFRSF13B', 'TNFRSF13C', 'TNFRSF8', 'TPT1', 'TSLP', 'VEGFA', 'XG', 'XPNPEP2', 'XRCC4']",105
Fold 80,"['ACP5', 'AMIGO2', 'ANGPTL2', 'AOC1', 'BAIAP2', 'CCL20', 'CD164', 'CD22', 'CD276', 'CD38', 'CD63', 'CDHR1', 'CEACAM21', 'CEACAM5', 'CES2', 'CLUL1', 'COL4A1', 'CRTAC1', 'CSF2RA', 'CTSH', 'DKKL1', 'DLL1', 'DPP6', 'DPT', 'DSG2', 'ENPP7', 'EPCAM', 'FASLG', 'FCN2', 'FCRL1', 'FCRL5', 'FOSB', 'GFOD2', 'GFRA2', 'GH2', 'GPA33', 'GRN', 'HCLS1', 'HDGF', 'IFNGR2', 'IGF2R', 'IGSF3', 'IL11', 'IL22RA1', 'IL24', 'IL32', 'IL33', 'KCNIP4', 'KIR2DL3', 'KLB', 'KLRD1', 'LHPP', 'LILRA5', 'LILRB1', 'LSM1', 'LY9', 'MAGED1', 'MDGA1', 'MET', 'MMP13', 'MUC13', 'MZB1', 'NCLN', 'NINJ1', 'NOMO1', 'NPTN', 'NPTXR', 'NTF4', 'NTRK3', 'PDGFC', 'PDGFRA', 'PODXL2', 'PON2', 'PTS', 'S100A16', 'SCGN', 'SDC1', 'SIGLEC9', 'SMOC2', 'SPINT1', 'SSC5D', 'TDGF1', 'THPO', 'TIMP3', 'TMPRSS5', 'TNFRSF4', 'TP53INP1', 'XPNPEP2']",88
Fold 81,"['ACAN', 'ACE2', 'ADAM15', 'ADAMTS15', 'ADAMTS16', 'ADGRG1', 'ADGRG2', 'AMY2A', 'AMY2B', 'ANGPTL3', 'ANXA3', 'APLP1', 'APOM', 'ATP6V1D', 'BAIAP2', 'CAPG', 'CASP1', 'CCL15', 'CCL17', 'CD27', 'CD48', 'CD5', 'CDHR1', 'CEACAM21', 'CEACAM5', 'CELA3A', 'CES2', 'CHIT1', 'CHL1', 'CLEC4G', 'CNTN5', 'COLEC12', 'CPA1', 'CPA2', 'CPVL', 'CRH', 'CRISP2', 'CRTAC1', 'CTRB1', 'CTSH', 'CTSS', 'CXCL8', 'DKKL1', 'DPT', 'DSG4', 'ENTPD5', 'ERBB4', 'FCAR', 'FCGR2B', 'FCN2', 'FCRL5', 'FOSB', 'FST', 'GAL', 'GFRA2', 'GGT1', 'GGT5', 'GH2', 'GPC5', 'GZMA', 'HLA-DRA', 'IFNGR1', 'IGF2R', 'IGFBPL1', 'IL13', 'IL2RB', 'IL33', 'IL3RA', 'ISM1', 'KCNIP4', 'KIR2DL3', 'KLK1', 'KLK11', 'KLK12', 'KLK14', 'KLRD1', 'KRT5', 'LAMA4', 'LGALS9', 'LILRA5', 'LILRB1', 'LTA4H', 'MAPT', 'MARCO', 'MASP1', 'MDGA1', 'MET', 'MICB_MICA', 'MMP13', 'MSLN', 'MUC13', 'MZB1', 'NCAM2', 'NINJ1', 'NOMO1', 'NPTN', 'NPY', 'NRP1', 'NTF3', 'NTRK3', 'NXPH1', 'PM20D1', 'PON3', 'PPY', 'PRSS8', 'PTH1R', 'PTPRF', 'RAB6B', 'RANGAP1', 'RASSF2', 'REN', 'RET', 'S100A11', 'SCGB1A1', 'SELE', 'SERPINA11', 'SERPINB8', 'SIGLEC7', 'SIGLEC9', 'SMOC2', 'SPINT1', 'SRP14', 'TDGF1', 'THBS2', 'THPO', 'TIMP1', 'TLR3', 'TMPRSS5', 'TNC', 'TNFRSF10A', 'TNFRSF13B', 'TNFRSF8', 'TNFSF11', 'TSHB', 'TSLP', 'WFIKKN1', 'XPNPEP2']",137
Fold 82,"['ACE2', 'ACTN4', 'ADAM15', 'ADAMTS15', 'AMIGO2', 'AMN', 'AOC1', 'BAIAP2', 'BSG', 'C19orf12', 'CCL15', 'CCL19', 'CCL20', 'CD164', 'CDHR1', 'CHIT1', 'COPE', 'CPA2', 'CRELD2', 'CRHR1', 'CRTAC1', 'CSF1', 'CTSF', 'CXCL8', 'DKKL1', 'DLL1', 'DPT', 'DSG4', 'ENPP7', 'EREG', 'FCRL5', 'FOSB', 'GGT5', 'GPA33', 'HCLS1', 'HDGF', 'HLA-DRA', 'IGF2R', 'IL11', 'IL13', 'IL17F', 'IL17RB', 'IL1RAP', 'IL2RA', 'KLB', 'LAMA4', 'LRP11', 'LY9', 'LY96', 'LYPD1', 'MDGA1', 'MET', 'MILR1', 'MSR1', 'MUC13', 'MZB1', 'NCLN', 'NOMO1', 'NOS1', 'NPTN', 'NPTXR', 'PCOLCE', 'PIGR', 'PLA2G10', 'PM20D1', 'PON3', 'PPY', 'PRKRA', 'PSIP1', 'RANGAP1', 'RARRES1', 'S100A16', 'SCP2', 'SELPLG', 'SH2D1A', 'SIRT5', 'SMOC2', 'SOD2', 'SPINT1', 'SRP14', 'TDGF1', 'TFRC', 'THBS2', 'THPO', 'TMPRSS5', 'TMSB10', 'TNC', 'TNFRSF13B', 'TNFRSF4', 'TNFRSF8', 'ULBP2', 'VWA1', 'XPNPEP2', 'XRCC4']",94
Fold 83,"['LGALS9', 'MZB1']",2
Fold 84,"['ADAM15', 'ADAMTS13', 'ADAMTS15', 'ANGPTL2', 'AOC1', 'CALB2', 'CCL14', 'CCL20', 'CEACAM3', 'CES2', 'CNTN2', 'CRTAC1', 'CSTB', 'CTSF', 'EGLN1', 'FABP4', 'FBP1', 'FCAR', 'FGF21', 'GFAP', 'GGT1', 'HLA-DRA', 'ICAM5', 'IFNGR2', 'IGF2R', 'IL16', 'IL17C', 'IL33', 'IL5', 'LRPAP1', 'LRRC25', 'LTO1', 'LY96', 'LYPD3', 'MDGA1', 'MSLN', 'MUC13', 'MZB1', 'NFATC3', 'PAEP', 'PCOLCE', 'PDGFC', 'PLIN1', 'PPY', 'PRL', 'PTPRM', 'RANGAP1', 'SEMA3F', 'SRP14', 'TFPI2', 'THPO', 'TMPRSS5', 'XPNPEP2']",53
Fold 85,"['CCL20', 'CES2', 'CRTAC1', 'DKKL1', 'FOSB', 'GFRA2', 'GGT5', 'GPA33', 'HDGF', 'IGF2R', 'MDGA1', 'MUC13', 'MZB1', 'NINJ1', 'PON3', 'PPY', 'RANGAP1', 'SPINT1', 'TDGF1', 'TNC', 'XPNPEP2']",21
Fold 86,[],0
Fold 87,"['ACE2', 'ACTN4', 'AFP', 'AKR1C4', 'AOC1', 'BAIAP2', 'BST1', 'BTN3A2', 'C19orf12', 'CA6', 'CARHSP1', 'CCL14', 'CCL20', 'CCL22', 'CD276', 'CD79B', 'CDH5', 'CHIT1', 'CHRDL1', 'CNTN5', 'COL4A1', 'COPE', 'CPA2', 'CRTAC1', 'CSF1', 'CSF2RA', 'CTSH', 'CXCL8', 'DKKL1', 'DPT', 'DPY30', 'DSG4', 'EPCAM', 'EREG', 'FASLG', 'FBP1', 'FCN2', 'FOSB', 'GDF15', 'GFAP', 'GFRA2', 'GGH', 'GGT1', 'GGT5', 'GLT8D2', 'GPA33', 'GPKOW', 'HBQ1', 'HMBS', 'HMOX2', 'IGF2R', 'IL11', 'IL13', 'IL17A', 'IL17F', 'IL17RB', 'IL1A', 'IL1RAP', 'IL22RA1', 'IL2RA', 'ISLR2', 'JUN', 'KEL', 'KLB', 'KLK10', 'KLK12', 'KLK14', 'LEP', 'LGALS9', 'LILRB1', 'LILRB4', 'LTBP3', 'LY9', 'LY96', 'LYPD1', 'MARCO', 'MDGA1', 'MEGF10', 'MET', 'MSR1', 'MUC13', 'MZB1', 'NCLN', 'NCR1', 'NEFL', 'NOS1', 'NPTN', 'NPTXR', 'NPY', 'NTRK3', 'PAEP', 'PCOLCE', 'PKLR', 'PLAUR', 'PON3', 'PPY', 'PSIP1', 'PSMA1', 'PTPRM', 'RANGAP1', 'RARRES1', 'S100A16', 'SCP2', 'SERPINB8', 'SIGLEC7', 'SIGLEC9', 'SLC16A1', 'SLC39A5', 'SMOC2', 'SPINT1', 'SRP14', 'SSC4D', 'STC1', 'TFPI2', 'THBS2', 'TNC', 'TNFRSF11A', 'TNFRSF11B', 'TNFRSF13B', 'TPT1', 'TSLP', 'TSPAN1', 'VWA1', 'WFDC2', 'WFIKKN1', 'XPNPEP2']",126
Fold 88,[],0
Fold 89,"['ADAM15', 'ANGPTL2', 'ANXA3', 'B4GAT1', 'CASP1', 'CCL15', 'CCL20', 'CDH17', 'CELA3A', 'CHI3L1', 'CHIT1', 'COL9A1', 'CPA2', 'CRTAC1', 'CSTB', 'CTRB1', 'CTSH', 'DKKL1', 'FCAR', 'FCRL5', 'FOSB', 'GNLY', 'GZMA', 'HCLS1', 'HLA-DRA', 'IGF2R', 'IL18RAP', 'IL1B', 'ISM1', 'KCNIP4', 'KIR2DL3', 'KLK1', 'KLK12', 'LGALS1', 'MDGA1', 'MSLN', 'MUC13', 'MZB1', 'NCLN', 'PDGFC', 'PIGR', 'PON3', 'S100A16', 'SCARB1', 'SPINT1', 'SRP14', 'TDGF1', 'THBS2', 'THPO', 'TMPRSS5', 'TNFRSF8', 'XPNPEP2']",52
Fold 90,"['CCL20', 'CES2', 'FOSB', 'LGALS1', 'MDGA1', 'MZB1', 'NDRG1', 'PDGFC', 'PON3', 'TMSB10', 'TNFRSF8']",11
Fold 91,"['ACP5', 'ADAMTS13', 'ADAMTS15', 'AOC1', 'APEX1', 'BAIAP2', 'CALB2', 'CCL20', 'CD276', 'CD74', 'CDH17', 'CDHR1', 'CHIT1', 'COL4A1', 'COL6A3', 'COLEC12', 'CPA2', 'CRTAC1', 'CTSF', 'CXCL8', 'DDC', 'DDR1', 'DEFA1_DEFA1B', 'DKKL1', 'DPT', 'DSG4', 'DTX3', 'EPCAM', 'FASLG', 'FOSB', 'GFOD2', 'GFRA1', 'GFRA2', 'GNLY', 'GPA33', 'GPC5', 'GRN', 'HDGF', 'ICAM1', 'IGF2R', 'IL13', 'IL16', 'IL17C', 'IL1RAP', 'IL2RA', 'IL32', 'IL5RA', 'KCNIP4', 'KIR2DL3', 'KLK12', 'KLRD1', 'LEP', 'LGALS9', 'LILRA5', 'LILRB1', 'LRP11', 'LRRC25', 'LY96', 'LYPD1', 'MARCO', 'MDGA1', 'MET', 'MTPN', 'MUC13', 'MZB1', 'NOMO1', 'NPTN', 'NPY', 'NTRK3', 'PDGFC', 'PIGR', 'PON3', 'PPP3R1', 'PRKRA', 'PSIP1', 'PSMA1', 'RANGAP1', 'S100A16', 'SCARB1', 'SCGN', 'SCP2', 'SERPINB9', 'SLC39A5', 'SMOC2', 'SPINT1', 'SRP14', 'SSB', 'TAFA5', 'TFPI2', 'TNFRSF11A', 'TPT1', 'TSLP', 'TSPAN1', 'XPNPEP2']",94
Fold 92,[],0
Fold 93,"['CCL7', 'CXCL8', 'LGALS1', 'MZB1', 'TNFRSF10A']",5
Fold 94,"['ANGPTL2', 'CCL20', 'CCL7', 'CDHR1', 'CNTN2', 'CRTAC1', 'FBP1', 'HDGF', 'MAGED1', 'MUC13', 'MZB1']",11
Fold 95,"['CCL7', 'MZB1']",2
Fold 96,"['CCL20', 'CRTAC1', 'FOSB', 'LGALS1', 'MZB1', 'PDGFC', 'SSB']",7
Fold 97,"['CCL7', 'CRTAC1', 'CTSH', 'DSG4', 'LGALS1', 'MZB1', 'NDRG1', 'PON3', 'SPINT1']",9
Fold 98,"['ACE2', 'ACP5', 'ADAM23', 'ADAMTS15', 'ANGPTL2', 'AOC1', 'ATF2', 'BAIAP2', 'BST1', 'CA6', 'CCL15', 'CCL20', 'CD209', 'CD276', 'CDH17', 'CDH5', 'CDHR1', 'CHIT1', 'CLEC11A', 'COL6A3', 'CPA2', 'CRTAC1', 'CTSH', 'CTSL', 'CXCL13', 'DKKL1', 'DLL1', 'ENPP7', 'EPCAM', 'FABP4', 'FCN2', 'FCRL5', 'FGR', 'FOSB', 'GFRA2', 'GGH', 'GGT5', 'GP2', 'GPA33', 'GRN', 'HBQ1', 'HDGF', 'HLA-DRA', 'HPGDS', 'IFNGR2', 'IGFBPL1', 'IGSF3', 'IL17C', 'IL5RA', 'IL6', 'ISLR2', 'JCHAIN', 'KCNIP4', 'KIR2DL3', 'KLK1', 'KLK12', 'KLRD1', 'L1CAM', 'LAIR2', 'LGALS1', 'LGALS9', 'LHB', 'LILRA5', 'LILRB1', 'LRRC25', 'LY96', 'MARCO', 'MDGA1', 'MET', 'MUC13', 'MZB1', 'NRP2', 'NTRK3', 'PDGFC', 'PLA2G7', 'PLAUR', 'PM20D1', 'PRKRA', 'PSIP1', 'RANGAP1', 'REN', 'RETN', 'S100A16', 'SCP2', 'SERPINA11', 'SFTPA2', 'SLC39A5', 'SPINT1', 'SSB', 'SSC5D', 'TFPI2', 'THPO', 'TNFRSF11A', 'TNFRSF11B', 'TNFRSF13B', 'TNFRSF6B', 'TNNI3', 'TPT1']",98
Fold 99,"['AMIGO2', 'AMY2B', 'APEX1', 'APOM', 'ATP6V1D', 'BAIAP2', 'CCL15', 'CCL19', 'CCL20', 'CD163', 'CD34', 'CD63', 'CDHR2', 'CEACAM5', 'CES2', 'CHIT1', 'COL9A1', 'CRTAC1', 'CTSF', 'CTSH', 'CXCL8', 'DKKL1', 'DPT', 'DSG4', 'ERBB4', 'FCRL5', 'FGF19', 'FGF21', 'FOSB', 'GFOD2', 'GFRA2', 'GNLY', 'GPA33', 'GRN', 'HDGF', 'HLA-DRA', 'ICAM1', 'IFNGR2', 'IGF2R', 'IL13', 'KCNIP4', 'KIR2DL3', 'KLK12', 'KLRD1', 'LGALS1', 'LGALS9', 'LILRB4', 'LY96', 'MATN2', 'MDGA1', 'MILR1', 'MUC13', 'MZB1', 'NCLN', 'NPTN', 'NRP1', 'NTRK3', 'PDGFC', 'PIGR', 'PM20D1', 'PPY', 'PSIP1', 'PTH1R', 'PTPRM', 'RAB6B', 'RANGAP1', 'SCARB1', 'SIGLEC7', 'SIGLEC9', 'SMOC2', 'SPINT1', 'SRP14', 'TDGF1', 'THBS2', 'TIGAR', 'TMPRSS5', 'TNC', 'TSLP', 'TSPAN1', 'VMO1', 'VWF', 'XPNPEP2']",82
